amathis,SD8748111839$SL5705045497FF9136782484ADFF6154264377
erivera,SD3471149958$SL3030174375FF7132933187ADFF6112595084
bkaufman,SD2003645691$SL6822811963FF4623949502ADFF2529973944
jsargent,SD3220319481$SL6877096655FF2230930902ADFF9109457119
rhodge,SD4692289027$SL4457679240FF7142273346ADFF8360688777
lhickman,SD6275102272$SL1839350484FF2883185082ADFF9984475993
lvinson,SD7249687822$SL4586995983FF2620118831ADFF2564836776
ccarson,SD2330492447$SL9071148680FF2404035698ADFF5662385258
rmorin,SD2571683944$SL7067083422FF4599554196ADFF7952586266
wsloan,SD6116300734$SL7101662978FF5038498443ADFF7321742374
dadkins,SD1191726147$SL6825654235FF9757784314ADFF5161877920
mmccall,SD1146042898$SL3107546227FF4685370637ADFF9869014074
dramos,SD7173670898$SL9846069911FF2602985918ADFF3084958933
rgardner,SD7744193352$SL5536691251FF4415605262ADFF7815071944
acardenas,SD7178385406$SL5519260157FF7024658927ADFF4064883473
msnow,SD5742957824$SL6340638913FF4295669758ADFF5607020362
llawrence,SD8233057954$SL1633153711FF1451916306ADFF8841060957
wbrock,SD1572431147$SL9365099041FF8220405311ADFF6014456901
csolomon,SD3382653398$SL1758740658FF9239397704ADFF2202434844
nstephenson,SD2193417327$SL4540113883FF4822714409ADFF3009337441
ckeller,SD8716926094$SL3659045198FF8242842480ADFF3500334782
lmcdowell,SD4495708299$SL9967229833FF1939550828ADFF6143820416
thull,SD3211583082$SL7776125229FF2615035733ADFF2772196300
jsosa,SD5978484824$SL4244900224FF3150804787ADFF2722692805
mschroeder,SD3814759968$SL2525140429FF9292865732ADFF3727040588
bcamacho,SD2066356452$SL5033586685FF4357966471ADFF6020403495
dparrish,SD2494732343$SL3190588025FF9916157752ADFF8720591401
mshort,SD7238724134$SL5401198298FF4497725895ADFF6886699728
nacosta,SD7820872232$SL3670239337FF8005450432ADFF2311956956
rharris,SD1808566808$SL1140135964FF6479295956ADFF7627295099
jgilmore,SD4899173702$SL3770685706FF8267065177ADFF3050556670
soneal,SD9941097901$SL2972863948FF8760220043ADFF5119472013
gbeck,SD8389807020$SL3069903659FF5462877911ADFF6985372857
dcastillo,SD1856059254$SL9240222344FF8103824093ADFF8246469955
wreyes,SD7747551850$SL7313305132FF8712538851ADFF6826196241
mburke,SD5362816943$SL5447659370FF6189584709ADFF6580648814
bolson,SD6440136306$SL3243583950FF6987260847ADFF2353336207
abowers,SD9737775552$SL2146370806FF3781002845ADFF6965206789
fnichols,SD2458295735$SL4863072282FF4443799956ADFF6967300961
dstein,SD8217554830$SL8821412906FF4128710990ADFF9003173885
scannon,SD5437086784$SL6131417473FF7335351572ADFF1293306238
aolson,SD4828856034$SL4186836742FF6983483631ADFF9624793110
lriggs,SD7924944070$SL2978354174FF5920974185ADFF3634428419
mcompton,SD4429153162$SL7922562877FF4810121552ADFF3655574937
mvaughn,SD9889831707$SL3322599968FF1963531611ADFF9468221846
hherman,SD3520500259$SL6961522808FF9818452182ADFF8961685373
nriley,SD7941496190$SL8508032165FF1481998220ADFF8836600265
cmoody,SD8785865242$SL6093124781FF4979597435ADFF7439944846
ahunt,SD1007790991$SL9815257774FF7953001189ADFF6870940335
apotter,SD7498787793$SL1378727843FF8703724229ADFF5048200644
jbradley,SD6030818816$SL2244457702FF9862914843ADFF3629945694
ftyler,SD3512638236$SL2621744976FF1348596112ADFF1448053459
dhaley,SD3218093326$SL2530601156FF6309098613ADFF8793375880
wcopeland,SD9048770101$SL8940860524FF3429420206ADFF3726486778
upennington,SD1046326381$SL9355555123FF6154637905ADFF5225121577
shaley,SD9439172697$SL7010684018FF7560943992ADFF8136066246
cbaldwin,SD8521125918$SL7549676598FF5260991732ADFF6085633176
gmurray,SD6975806674$SL7565521211FF4327845773ADFF2393290915
ksav61,SD4602959912$SL7990820272FF3486949864ADFF4365492035
mleblanc,SD5048189763$SL5417072433FF1742314923ADFF3517831160
scochran,SD5819055159$SL4237342948FF3738297431ADFF6541103124
msantiago,SD4881182925$SL2046631200FF1877268430ADFF3745523462
wvalentine,SD7871161663$SL7251281310FF6247762113ADFF8248599043
fwitt,SD4473875115$SL1093601011FF1068744038ADFF3190638532
sbyrd,SD1788086382$SL3021797266FF3676653470ADFF4112667783
lbean,SD2044844183$SL8442292985FF6225989713ADFF5605909891
amerritt,SD9119235705$SL6557774445FF2442991380ADFF6190498586
kadams,SD6114271293$SL7038487324FF9356106639ADFF5146423579
sboyer,SD3125483813$SL2475878530FF9945583720ADFF8799838352
daguilar,SD8001417793$SL5508720124FF3887606337ADFF5343457247
hrosa,SD6059289879$SL7967382903FF2146197971ADFF8004841558
colsen,SD7009347369$SL5319541448FF3136765935ADFF7022557334
spennington,SD5445788719$SL5067713578FF7049255927ADFF3000677062
mgibbs,SD2557167619$SL1321371020FF9427283823ADFF9080693044
dclarke,SD2433725700$SL1756545421FF5763563491ADFF3513181093
igray,SD1030280617$SL1314992568FF8752684657ADFF3650594330
etyler,SD1544121159$SL9895295948FF1404938355ADFF2112462191
rwoodward,SD1215630090$SL1798104374FF7755550121ADFF8071634221
hholt,SD2539124369$SL3574482456FF8138195355ADFF2163686434
mwilliams,SD5721111872$SL6993584402FF1645576619ADFF6192760691
jgoodwin,SD3279827521$SL5754592920FF2499777324ADFF7474312905
psharpe,SD6778261185$SL3613908840FF4892472797ADFF3093831476
cneal,SD7495306404$SL7602923416FF4970127878ADFF6586523063
lconway,SD7334120268$SL4633282567FF1100845684ADFF1009624954
cmorrison,SD8138855741$SL5385281596FF9994843266ADFF6628587630
kvelez,SD9240413805$SL9344796849FF3664444621ADFF6676178119
kwhitehead,SD5614647773$SL8882612783FF1163997310ADFF5197279113
tlynn,SD6784999922$SL1756790605FF8719884984ADFF5666059569
cwise,SD9317091347$SL8983895944FF6748060993ADFF6657187460
bp21,SD8019665432$SL6174162309FF1242166484ADFF8498552220
lbrock,SD6384323646$SL8801822959FF9427409177ADFF7017704816
mbeasley,SD8877932313$SL7076618140FF8346052925ADFF1938854255
eduffy,SD7024449938$SL5720555656FF2773335027ADFF9386911142
apotter,SD6841445041$SL5700437858FF6339781747ADFF8834157099
nmaynard,SD3383544484$SL9754514461FF9821662492ADFF8166585229
ggilbert,SD8603340329$SL3763128517FF3432331363ADFF3583452563
ldrake,SD5060776889$SL1112772397FF3267521936ADFF3995226081
dbeck,SD1182172784$SL4421502470FF1856977140ADFF8803812739
bmarsh,SD1818035698$SL6392972837FF5615459972ADFF6931514837
vsweeney,SD7061983870$SL8813413289FF7348816789ADFF9726121500
chowell,SD1444998417$SL6262064535FF4327129860ADFF5697579853
gwalters,SD4528254410$SL6599261649FF1314707154ADFF1622727863
fharmon,SD2630225356$SL8292082934FF2010531959ADFF2027320644
ajackson,SD9491255772$SL2413145556FF7937467814ADFF8659262799
bjensen,SD2834474543$SL3437660849FF7782851365ADFF5644372917
lmitchell,SD5787245197$SL1682886245FF5032357542ADFF6775495110
gsteele,SD4219746733$SL4475602080FF1488402493ADFF6179201816
dmcbride,SD4282490268$SL4163081655FF3392033101ADFF4643866613
rclay,SD8461274155$SL5431426530FF7280369139ADFF1412360783
csnyder,SD8897219125$SL5414421567FF4879463757ADFF6939066338
nholder,SD7030843167$SL1622698335FF2925768690ADFF6996078471
lhorn,SD8237138496$SL4363222170FF2282049815ADFF4570188275
sbray,SD5399297413$SL9938934467FF1171051020ADFF3173237813
drich,SD1601830464$SL6236749548FF4504043024ADFF2025370263
kedwards,SD5621428493$SL3792784659FF5300337672ADFF4439768660
coconnor,SD1240857133$SL8728139304FF6300399967ADFF7917995079
ebarrera,SD7194440394$SL6998610021FF2479064499ADFF2329499545
eguerrero,SD4206287454$SL4385107196FF3386530373ADFF9029882630
lnelson,SD3502685965$SL4106705823FF3408635120ADFF8755312152
rwall,SD5661028154$SL6204661927FF2993272600ADFF2817113687
ebuckner,SD2810859267$SL2102016765FF5360334475ADFF1726032475
ihobbs,SD3799373221$SL5812929277FF2379453358ADFF8266774115
ehernandez,SD9938867440$SL1475133752FF2113561384ADFF5850756954
lnavarro,SD8221470504$SL4419298619FF3485795994ADFF2704724650
hestrada,SD9429844015$SL6538897663FF9375626769ADFF7218808158
mmedina,SD3205776110$SL9512172623FF9667388517ADFF6281912118
afisher,SD6067436423$SL7182559827FF2947769242ADFF3474142277
lsloan,SD1625489985$SL4986273143FF9680469448ADFF9050218901
prussell,SD9928697777$SL1820295971FF8731809048ADFF8688526634
ediaz,SD4332693035$SL9321887989FF3319672704ADFF1507689168
hburke,SD7042376125$SL6837505385FF2703569870ADFF5524660345
ghenry,SD3963130556$SL7852114003FF3252456481ADFF1189213572
mparrish,SD4979807077$SL6255444819FF3231056411ADFF6848235281
cclayton,SD2367676023$SL1169528161FF1506322900ADFF5321562511
bkeller,SD6387796014$SL8956618937FF5231920667ADFF3135290378
ncooper,SD8970349341$SL5307845147FF3659699587ADFF6054634882
mvaldez,SD5742421700$SL8448622553FF2078862809ADFF4358724703
wcarey,SD8743455587$SL8245214040FF6690963336ADFF9733752425
jroach,SD1969035747$SL8028041202FF4409036617ADFF4556731304
sbridges,SD2819157290$SL5293652122FF7648131503ADFF2210734419
proberson,SD7657058554$SL3762538526FF1729348891ADFF6831803748
jsweeney,SD7764339943$SL6049005589FF5177172462ADFF2094979297
javery,SD7140996995$SL7199270965FF9995458535ADFF4815551071
sbowen,SD6951285081$SL4179132956FF6163086711ADFF7921988006
hfranco,SD8124974434$SL8800805352FF3593218606ADFF1438161286
jjennings,SD9463972744$SL4170650739FF3475033667ADFF9440361271
bcalderon,SD5002075620$SL7838870439FF8458465130ADFF7319783903
mchan,SD9779895374$SL9825063791FF1133444110ADFF9472389967
plong,SD6581694165$SL6327415692FF9228251967ADFF2780494073
dwalls,SD4142814014$SL7161124032FF2693362760ADFF2547079058
smccoy,SD2087242995$SL7765577351FF7461765472ADFF2884035649
griddle,SD6999819712$SL9982099177FF9525253664ADFF8424457482
jgallegos,SD9994048138$SL1533304823FF4893863759ADFF1399535266
mgordon,SD5615448942$SL6168087214FF3847534688ADFF8287181426
fmcfadden,SD3374884917$SL4067053684FF4142278579ADFF6693606491
jporter,SD6804511499$SL5856565350FF1914152204ADFF9274234331
hholt,SD6920027485$SL6118816659FF5720958442ADFF9741289653
lcarson,SD7675920470$SL1416932990FF8096335909ADFF3110920861
snorris,SD7829604672$SL4479240731FF7031581086ADFF7726007865
grivers,SD7959747064$SL8487325571FF5218398713ADFF6738101800
tmorrow,SD3764397031$SL7823741195FF2791140103ADFF2219390377
adouglas,SD1711540402$SL3750583580FF6537838194ADFF3856872001
wblankenship,SD2578826445$SL3504219804FF5622303518ADFF9386183107
jfinch,SD7287921721$SL3327726400FF3523273320ADFF8223971574
phoffman,SD8851394093$SL5665439726FF9638573927ADFF6033230235
vpetty,SD3895983772$SL7005935265FF6294719898ADFF2504304510
vpickett,SD5963572037$SL8240013484FF2971456596ADFF9546692689
cmendez,SD2802783916$SL1013565643FF8234884479ADFF6945141642
mbutler,SD7579809777$SL3470784058FF9616766834ADFF5117149854
egardner,SD6345379474$SL5441065956FF4471910997ADFF6874477090
cdennis,SD7530919845$SL8869106950FF7681863164ADFF6250490721
omoses,SD9072319435$SL3718161581FF7091874781ADFF3046213941
ereed,SD9903448214$SL3491803274FF5379050438ADFF2472104785
jkim,SD5430695693$SL6204424457FF3390130147ADFF6670312010
ccraft,SD4587512983$SL2884022012FF7433158612ADFF5018220413
dlynn,SD2132623111$SL5810282918FF2919432371ADFF9265215735
mpatton,SD9984219379$SL1951473339FF5504328067ADFF9993024917
mhayes,SD6385712823$SL9755205131FF2844221944ADFF1367027992
mnicholson,SD5577737672$SL3132130711FF3927745293ADFF6873437419
eedwards,SD8386484787$SL8550692930FF4511869585ADFF1195040900
dperry,SD9209227095$SL1243964494FF2566926623ADFF2854015532
crutledge,SD6549273104$SL6059474723FF2628491577ADFF8538127484
rdunlap,SD2748208444$SL4997766704FF2139314896ADFF5094402195
avelazquez,SD8350436872$SL2573611033FF3044714223ADFF9044413768
bnelson,SD2196902922$SL6243680032FF2160804685ADFF4116433271
rortiz,SD8048842583$SL6418994270FF4202102643ADFF1979987832
ehickman,SD1612431464$SL9648576222FF1707903369ADFF2319502887
mhunter,SD3398790228$SL1734958200FF9824399829ADFF7541753450
cedwards,SD4505476774$SL6056895980FF7469149527ADFF3615236277
fbeard,SD1756880254$SL7114472646FF1476694071ADFF8499296841
gdorsey,SD7939610431$SL5529770964FF6517100975ADFF2079603231
hrasmussen,SD3515767695$SL2410220748FF9129268273ADFF3771698109
tromero,SD9475856520$SL5826749344FF5032550136ADFF5450878159
cyork,SD5668669923$SL4634715727FF9711848261ADFF1132803780
edillard,SD3213687573$SL2832455741FF4726786069ADFF8816365661
iwiggins,SD1530555122$SL3792357701FF9991388524ADFF5354773985
bmiranda,SD6935787074$SL1003640897FF7095089549ADFF1011448377
hlove,SD1555331733$SL5394786022FF1313488299ADFF6420756582
noneal,SD7405207485$SL1344027936FF2759127597ADFF6778712485
amcfarland,SD3206993521$SL2444796578FF5750768789ADFF5390417971
llee,SD1710533750$SL8171866313FF9615220050ADFF9633257029
cfuentes,SD8977896584$SL6654654582FF7979529687ADFF9395214400
dhenderson,SD1474755743$SL9029360756FF3744106810ADFF9112140602
lsaunders,SD7719345128$SL9407166836FF8506632632ADFF5847539942
ndillon,SD3945276677$SL1012853923FF1073341592ADFF8448640795
kbrowning,SD5184720859$SL5464707995FF3161354286ADFF4707069288
trobles,SD3469601858$SL8542860725FF4732309529ADFF8333554037
mcalhoun,SD9664315977$SL8260192132FF2629188899ADFF9547393564
fbarrera,SD6617041388$SL8517334937FF9066518739ADFF5107723468
drusso,SD9807577056$SL7633235157FF2267868424ADFF9765937197
lhenderson,SD3619774934$SL4125376987FF3416948874ADFF6922121364
terickson,SD7593300668$SL8298675982FF5309481396ADFF1569307505
dgriffith,SD9162034360$SL7307940354FF7075977132ADFF7500438490
vmack,SD5262980228$SL5957030356FF5264454195ADFF5610501821
sschneider,SD5644924846$SL3647398919FF5815076912ADFF8156552089
drivers,SD2423207005$SL4990808050FF9744560588ADFF8907961022
apitts,SD8510076113$SL7014899006FF9456621138ADFF4514138963
khaynes,SD7117686472$SL4584544789FF2026866791ADFF3416135606
ecompton,SD2100902942$SL9603320917FF7552596018ADFF1856258576
epope,SD4492908399$SL1728153473FF1417403737ADFF2003723083
chyde,SD1093920190$SL5221219358FF6204072820ADFF3795868072
rcooke,SD9230236700$SL2431163748FF6309531437ADFF9566546998
eshort,SD5334491490$SL3086319692FF2393446329ADFF1423209758
mcrane,SD4866729528$SL1865497174FF4373858009ADFF3179681948
rreyes,SD8760634097$SL2486390163FF8532772967ADFF3425997654
snieves,SD7969976189$SL2190444780FF1361335103ADFF4595355096
ffisher,SD8324214917$SL4769359530FF5709242593ADFF2045441733
agood,SD5978418951$SL3001476302FF1946793580ADFF7612587098
ctran,SD9494247399$SL2190921864FF5124632196ADFF9469338239
lhuff,SD7495484664$SL4140064489FF1303373297ADFF3287324426
sraymond,SD4373459176$SL7353724756FF1854901460ADFF5552513288
jblanchard,SD2526864727$SL1786426209FF2670856404ADFF6057289747
kreeves,SD5174855466$SL9584851366FF6962969663ADFF4241349477
kfernandez,SD9883445423$SL9675523631FF5206136145ADFF7645946239
nbuckley,SD3793212905$SL6460041442FF6014298766ADFF5468043334
zwillis,SD6286848966$SL1288451224FF2018352296ADFF8695314574
tterry,SD2338620814$SL9345732091FF9863167558ADFF6458792088
jestrada,SD9437257543$SL9544000844FF3100837240ADFF2180986287
latkins,SD4801880517$SL7340984434FF9061857453ADFF2502504900
mwhitney,SD8891201843$SL8237752055FF5451883346ADFF9925375020
kmelton,SD5585282213$SL1878675792FF2920198522ADFF9560825360
ehatfield,SD6428078722$SL8051897918FF3620585238ADFF4709671306
zgay,SD4745872473$SL3136926028FF7781903854ADFF2325482663
rsharp,SD7569155419$SL9501494394FF5445070027ADFF8940180929
hwaters,SD6540906452$SL6757212187FF9596029178ADFF3337126284
lavila,SD1421798059$SL6621656024FF8547175503ADFF4821285472
jstrong,SD7539009693$SL9701986888FF2121292521ADFF9694239918
shammond,SD4160876142$SL7782592479FF2025964440ADFF4511762798
eowen,SD7802049561$SL4933821322FF4807985272ADFF5894863251
rfowler,SD9383728783$SL7369244242FF4714552332ADFF6488645845
bbarker,SD1252380117$SL2450263179FF4308073724ADFF9451898257
agibson,SD4319280003$SL6915755618FF6970257605ADFF8654763589
jdrake,SD2859013799$SL8512480427FF9082951318ADFF6823187716
nmullins,SD4627145623$SL9312414013FF7387613767ADFF3549895399
ahenderson,SD6981901593$SL8377365190FF2965360454ADFF8301741735
mchase,SD6768578419$SL2693996504FF6538414370ADFF4487629639
elyons,SD9837111359$SL7112076287FF5619794088ADFF1523452553
snoel,SD4440999377$SL1327314403FF6784877340ADFF3734347720
jfranklin,SD2151322330$SL5780500284FF6827089941ADFF2878624543
ccharles,SD9797867445$SL3074171522FF4850577511ADFF7400488117
vmorris,SD3827242348$SL9460672302FF8270117225ADFF9121591426
smaldonado,SD7270392911$SL5211234952FF8951317824ADFF2685996759
btucker,SD2179788964$SL6433865595FF6342107105ADFF7588592597
schandler,SD7695487154$SL2546554443FF4107887719ADFF8719079909
mmckinney,SD8505169024$SL8016144043FF5636233996ADFF5947813895
estephenson,SD4506540480$SL4708815192FF3465616964ADFF6855587776
jmorgan,SD4804150673$SL1175739097FF4545757516ADFF9506440659
chudson,SD6694904093$SL6963563201FF1305382079ADFF7889027535
ebennett,SD8376330651$SL4771468375FF8658081239ADFF2972847168
bjennings,SD3994208280$SL5437915991FF2374919195ADFF5042987829
erusso,SD7751904375$SL8939611835FF9831534045ADFF3191498060
adodson,SD5522595210$SL5374403647FF9186698785ADFF2451590057
wskinner,SD2081028676$SL3842586146FF7447409603ADFF2650032281
rdaugherty,SD3267451671$SL6570837412FF1407345031ADFF3360417974
lgill,SD4440200454$SL1557973420FF5580712722ADFF8597899614
hdalton,SD3603604069$SL9621813547FF5881545328ADFF4906511010
cnoble,SD5013277106$SL6877914330FF9056699118ADFF1638671828
mhowell,SD3629988413$SL8043474161FF3163320237ADFF4562681337
amendoza,SD6763349504$SL7206467405FF5154204841ADFF6426007765
hhodges,SD4436027964$SL8129741792FF7825227354ADFF2346466902
bswanson,SD2728762417$SL8448941737FF1549066521ADFF9957644129
pkirk,SD3319633368$SL5837282766FF8809737351ADFF8019574809
jlane,SD8132330595$SL6162618213FF6888287007ADFF2510349752
mwynn,SD1199026428$SL7409235704FF5646057216ADFF1997905412
isanford,SD7943158085$SL6316263227FF4326617386ADFF2144186940
rharrington,SD2039824076$SL8541316957FF2490116584ADFF2182266884
gjoyner,SD3024087246$SL6943632014FF1319731947ADFF1095033186
amccarty,SD1958721041$SL2736598354FF5207191533ADFF7922923890
lkeith,SD9063390962$SL7526517639FF3503834526ADFF6576712970
afrye,SD8563254982$SL7068585475FF1716664789ADFF6221980333
tsmall,SD2472903501$SL6019747168FF7229855326ADFF8125187249
dmaynard,SD7543911108$SL6990805006FF6481476618ADFF3700346183
swarren,SD6356267509$SL2861732000FF8938487025ADFF8230604050
hodonnell,SD7357549222$SL8380637743FF8510214923ADFF8664772447
vhinton,SD4301269154$SL5246783924FF5647639928ADFF6640590888
rfranklin,SD2392148268$SL8074849123FF9319895193ADFF9148554106
csoto,SD6131291712$SL5197988292FF9619241809ADFF9043141272
bortiz,SD3039817278$SL4243434339FF4760158160ADFF7634327312
kgreer,SD5349729429$SL7474913365FF7368731366ADFF7545137309
kle,SD6669472082$SL7209231773FF7346496689ADFF2048444003
bfrazier,SD9709009591$SL2329902147FF4304558300ADFF7371577850
gboyle,SD9633902863$SL2572800771FF3359493489ADFF2039933346
sbarrett,SD7373556654$SL8087835932FF5359282932ADFF9969495022
criddle,SD5852025358$SL3681226489FF2953078163ADFF2636802499
mrich,SD6734656858$SL6487974613FF8867917254ADFF7774808705
osolis,SD9210691590$SL3219167513FF3516766269ADFF9853348847
amassey,SD5429957830$SL1278181331FF7060143842ADFF8700818653
cpennington,SD7876841770$SL3233587572FF2960496901ADFF3125765411
pflowers,SD3204934344$SL5449318409FF6113192455ADFF1294988390
rhuffman,SD6049762267$SL3219154704FF9584802246ADFF1423026431
fluna,SD6736322177$SL1783076997FF2241068873ADFF1279047965
wmills,SD3244886211$SL2866403776FF1878926219ADFF7309017614
fduke,SD2152793894$SL2976428588FF2885168254ADFF4016535239
wperez,SD9436770889$SL2541392976FF2528056016ADFF1069479982
ajensen,SD1058883068$SL4613506608FF4962072498ADFF6953244403
khall,SD8911841931$SL9964023258FF8375029818ADFF6113307384
chines,SD8211431982$SL2579670440FF1883082291ADFF5455704144
lhorton,SD9432830936$SL9529737691FF9370247888ADFF8690564895
rchristensen,SD8956158687$SL7216838031FF4692102611ADFF7233660747
chayes,SD2950685435$SL2692694765FF1360610512ADFF3564662199
ddurham,SD3948494797$SL8516669302FF3570738696ADFF4938640345
banderson,SD7796234185$SL5682910090FF8711155663ADFF8691019275
dcohen,SD2633233938$SL2163650898FF3813067148ADFF2133539969
cellis,SD1691289274$SL2219564117FF5775508522ADFF2721972303
swiley,SD9251822114$SL4585362895FF2528435557ADFF9821547434
lcamacho,SD8486710049$SL4397722993FF4124997726ADFF7043107233
wowens,SD4620803601$SL4771797522FF7151610219ADFF2005579820
jcross,SD4411655515$SL3397732810FF5586080414ADFF6417757368
lpalmer,SD3250133688$SL7887201941FF7014287321ADFF3276502338
bshelton,SD6778143239$SL1536239763FF1846524223ADFF2236406517
sshepherd,SD3194418261$SL6412272875FF7659422962ADFF2276589510
emejia,SD9708315917$SL2725148770FF6632928180ADFF5117660822
mpayne,SD4334052685$SL5903055785FF8436796561ADFF6190716868
tnieves,SD9789108466$SL8754086395FF4226526131ADFF9534603137
jfoster,SD3439872358$SL1131769725FF8962033431ADFF6941011526
acastillo,SD6347453128$SL8838760191FF9049332842ADFF5627761309
cherman,SD3015626707$SL3709541526FF2739386729ADFF9915742062
cbarr,SD2045584139$SL3152341343FF4219620443ADFF6323188518
mfowler,SD5607542436$SL8665841845FF8946918657ADFF6202880929
jellis,SD1971928051$SL7385111594FF9357104573ADFF8798137347
mduran,SD1881104141$SL7329866787FF7186093490ADFF8785020313
mpierce,SD8329043139$SL8670253312FF1363792951ADFF1509989194
wholmes,SD1372286681$SL3116536139FF6913236170ADFF4417366238
kcraft,SD6746312627$SL2169423067FF1470042605ADFF1115725419
jhorn,SD7475130015$SL6578867057FF4995966535ADFF7959234563
jsantiago,SD7232102156$SL7294866203FF7369472383ADFF2882326757
dmonroe,SD5524938648$SL2380274832FF1523124022ADFF3442316663
mwilkerson,SD7414266975$SL9254843164FF5325903152ADFF4862976121
mcopeland,SD6205961068$SL3844987878FF9564421171ADFF8301263432
rclay,SD4043313657$SL6933987938FF1956490818ADFF7625513860
tcantrell,SD4043702831$SL5278999652FF3745078129ADFF7900757056
dcarver,SD3452633647$SL3067016190FF6361100144ADFF2638415413
lhall,SD5412501856$SL5973593766FF3583136843ADFF7634029360
wmalone,SD5028857136$SL2304071480FF1779022832ADFF9715556846
sshannon,SD4847105062$SL7029662620FF3871560825ADFF1891243916
jwagner,SD9724009192$SL4172581266FF7747495817ADFF3359126952
fcervantes,SD3655547756$SL4427022823FF2843180000ADFF8729260459
mdavid,SD3436629972$SL5830009921FF4509713395ADFF2535431433
ybradford,SD5466654378$SL9056553622FF4983457295ADFF9822930763
ccervantes,SD9407712577$SL9268438357FF4902010956ADFF1557105843
hjames,SD5563098618$SL9633353138FF2305337885ADFF5640305630
rhurley,SD8293140500$SL4044206782FF4759837156ADFF4914645238
jbanks,SD6101623904$SL3445864055FF9107398894ADFF3763214632
lmooney,SD1403869559$SL3662513128FF5141012521ADFF8056051290
lwashington,SD7303176371$SL3448232956FF1022358043ADFF2573051743
mholman,SD2069706003$SL3808669540FF2474211786ADFF3689326200
eguerra,SD3374454224$SL8299643198FF5963969344ADFF9367032580
lfarley,SD3149631797$SL2093136372FF7716773216ADFF7267886818
bcamacho,SD9095872236$SL2346232883FF9147301754ADFF7314441640
rtalley,SD4019779520$SL8198740472FF6332836590ADFF6374983904
mpayne,SD5488065202$SL4274197647FF8385106084ADFF8992544016
cbecker,SD9085401581$SL8527877153FF7185086433ADFF2874901077
jgallagher,SD4433822054$SL2570477571FF1722301549ADFF4759044971
mrocha,SD3070705208$SL9967333176FF9726498401ADFF7711426988
lmueller,SD5897592600$SL7011198935FF4087413640ADFF4895365151
vsnider,SD4364301077$SL7028397447FF6732145714ADFF7581661297
hweiss,SD5264354425$SL3885249677FF6692645370ADFF1655005363
cdale,SD7032834787$SL2234133538FF5900962073ADFF7449966133
isanford,SD7114119321$SL6164218247FF8158019110ADFF9138770480
mlawrence,SD5869981412$SL5955721262FF3136874528ADFF9588846491
twilson,SD2563684017$SL9661296859FF2856461982ADFF7220890835
wrutledge,SD3480423171$SL5648489256FF1783369699ADFF7680381748
mmayer,SD1257541560$SL8148299282FF4170250715ADFF5835130019
kholt,SD2180072621$SL4418695807FF5693449757ADFF3020836251
nsalazar,SD8715166296$SL8326287770FF5194801229ADFF5121871353
lbooth,SD5581071055$SL6082888083FF3960616534ADFF8198624920
ccurtis,SD4876158280$SL5378845680FF5762133249ADFF7306346914
rflowers,SD4275229947$SL2981914962FF8941833117ADFF5181727627
jarmstrong,SD5427341764$SL6379269428FF8757498735ADFF6049196889
dmyers,SD1965853488$SL8924690893FF3911552408ADFF8993605460
mpratt,SD5236902375$SL9017237564FF6506441533ADFF3133424753
mmoore,SD8075999814$SL8950967460FF5818793110ADFF1228047069
abentley,SD9687564672$SL6047217658FF3399422025ADFF5749838652
ocrosby,SD2077599530$SL2446652767FF1760875660ADFF9148559010
ediaz,SD6528160697$SL1151580784FF2208048852ADFF7427179476
fduncan,SD4580916329$SL6371322801FF4470835113ADFF3844087176
jjimenez,SD7863524714$SL3695073253FF7078790385ADFF1007140285
jmayer,SD4754949700$SL2299510480FF8166258926ADFF7412418769
mcote,SD9827624466$SL9484195967FF8246859241ADFF2598521812
mhampton,SD3718220614$SL4061722514FF6088840281ADFF9896294169
rcole,SD8100463099$SL5103931542FF1777688561ADFF4821043599
thumphrey,SD5797325156$SL7673371818FF6594218051ADFF9266255883
fpatton,SD4884915094$SL6974274200FF3637129700ADFF2872332898
ayang,SD9469622932$SL7722257025FF3829655255ADFF3842977078
rsanford,SD9264636339$SL1134956346FF3938661867ADFF2708344272
estein,SD5571797648$SL2414764443FF1740594809ADFF7548194815
csnow,SD6786946003$SL3553519027FF7182020414ADFF7273505763
cballard,SD9899875945$SL8601434903FF7417154856ADFF2153588501
acochran,SD7005889550$SL5800171332FF5040373986ADFF3033795167
jsweeney,SD5309942368$SL6818765031FF5711651606ADFF2049620142
cclark,SD6645924145$SL5647128818FF6926289721ADFF9734717916
bgoodwin,SD2492669780$SL9317805794FF9182821198ADFF7205001485
bvang,SD6388165221$SL5794506184FF8635459501ADFF4092530936
jmorse,SD5467272145$SL9218897109FF2856908662ADFF6251979553
mvazquez,SD2396090986$SL5014294590FF7260443554ADFF3781677403
btaylor,SD3557136746$SL7128923830FF3214874448ADFF5300619628
ngray,SD2690372557$SL3599489602FF8962346293ADFF3218197791
aabbott,SD7223442145$SL3076435791FF3467515133ADFF4150512747
dbishop,SD3176556280$SL9323143810FF4927462220ADFF6730762146
wlindsey,SD8936216692$SL6431515309FF2875396038ADFF1470464092
jgreene,SD8070385165$SL6395309292FF5210429406ADFF7121006881
avaughn,SD6551237351$SL1325579467FF3888870109ADFF2284713112
fwynn,SD5242114393$SL6857913340FF4473837805ADFF8657940575
dtran,SD7870419415$SL6368786997FF5481072386ADFF3407473118
dbaxter,SD3760130000$SL4662042868FF5110210698ADFF2547906883
evang,SD3170279873$SL5826753863FF3417515473ADFF6727158352
sroberson,SD6380270176$SL4398182772FF9315503050ADFF2430665698
aschwartz,SD4862482921$SL7909206195FF1346140172ADFF5211873976
bjefferson,SD2076537894$SL1745227140FF8982899272ADFF1800785751
zbrown,SD8767778262$SL8072953987FF4247434837ADFF7806665635
gdouglas,SD1945227939$SL7886283517FF4122030132ADFF7926547795
ghopper,SD5611952663$SL1606048589FF4254212179ADFF4598798053
eodonnell,SD6798584821$SL1254829999FF7385498522ADFF7195235293
scortez,SD1165097854$SL3824039707FF1395775242ADFF1857765605
ldyer,SD6555867974$SL2061447408FF4386562136ADFF3541971380
smedina,SD1406977722$SL9781002668FF5423996584ADFF1287183604
pknox,SD5909773529$SL8310245059FF1461625894ADFF3842621997
bwagner,SD2934463806$SL1625735451FF5249976207ADFF8265824179
cpollard,SD3722757627$SL5025565773FF2546547249ADFF8373608400
ssullivan,SD6838218745$SL9235941147FF9434186082ADFF5727686122
oshannon,SD3185064873$SL2700660419FF4377962137ADFF1249243546
lrodgers,SD7635485999$SL2071349008FF3445392424ADFF6026934836
gyates,SD6922911070$SL2588701435FF6890097533ADFF2275215703
msolis,SD5979944271$SL3859149138FF2183207843ADFF7790045950
lpate,SD7285317742$SL3972609634FF9147702316ADFF2387207503
tfreeman,SD7990215171$SL2535995667FF8031527754ADFF8050329617
lmcgowan,SD3898614463$SL8499083270FF9677440995ADFF6344835181
gkelly,SD2490114683$SL1604610638FF5985542180ADFF7419952088
sbarnes,SD3165972275$SL6442496181FF5645680991ADFF4182046918
ahorn,SD8396780235$SL4048373856FF2779166705ADFF5386094292
vwynn,SD7286388813$SL1790376786FF9769346332ADFF6145109222
aheath,SD9623388700$SL1512428519FF6018606867ADFF4716794230
tellis,SD9763130850$SL3251221526FF3725812500ADFF7430791907
bcraig,SD2688194888$SL4348517269FF6631666565ADFF7626625914
lmcneil,SD7756225285$SL6667434069FF6792343632ADFF3394647648
mcabrera,SD7184702245$SL4993769728FF3442195539ADFF7508587288
pgibson,SD9572800655$SL4997891506FF5027044471ADFF5309517123
cshaffer,SD9071130219$SL7003423321FF1927448970ADFF7647110324
bmoreno,SD1445547162$SL9081157827FF6534298550ADFF1666938490
ggolden,SD4412581871$SL8320891883FF3585667006ADFF9521819494
rschmidt,SD3302324706$SL8482226638FF1142750202ADFF1241124842
lwilson,SD7126147436$SL1608770997FF9374537806ADFF3475325368
cjohnson,SD2061807444$SL6407959936FF5381727700ADFF7373973861
epowell,SD5241991138$SL3303003606FF8343708790ADFF7511736465
aaustin,SD8266019848$SL9241309561FF3139586137ADFF7143006640
dbeasley,SD8303585313$SL2716393708FF5317581736ADFF9487753641
clott,SD8893717226$SL4112226074FF7429942804ADFF8229831932
acooley,SD9556148578$SL8190664023FF3027647766ADFF8008839583
amosley,SD4639996157$SL5171786931FF5845080465ADFF7531968947
ahurst,SD1041274865$SL8621454601FF8484185450ADFF4106557183
kshaffer,SD8729498116$SL6363410683FF4285923255ADFF3080791074
gwatkins,SD3129463730$SL1321861253FF4990046306ADFF7942248220
hyoung,SD5775339260$SL1667248167FF4076993633ADFF5122249473
gmeyers,SD4731436465$SL6912620250FF9471922148ADFF8984142936
dcain,SD2733131868$SL9855060241FF2459939621ADFF6192632406
sbaker,SD5700215265$SL4246147457FF2530767891ADFF9456947208
qchen,SD2975748313$SL1389432698FF7909973309ADFF3382725801
fhickman,SD2496183186$SL3145708694FF2226833171ADFF4543789343
lbooth,SD8822769961$SL8861368819FF4000261418ADFF9845781371
rguy,SD6315697404$SL7935231714FF6452531785ADFF9887337354
jelliott,SD1513676685$SL2813114925FF6004529587ADFF8351301194
tmichael,SD5540303983$SL8219664724FF8825271653ADFF2246995346
ablevins,SD8048453749$SL4672252164FF1415078755ADFF7850606162
ccarey,SD1136506332$SL7996170136FF4172667782ADFF4894635109
macosta,SD8928531821$SL9664530835FF9255038118ADFF1291336059
iemerson,SD3094343798$SL1376569122FF2046488657ADFF9031306253
snixon,SD8272719454$SL4174676001FF6919973133ADFF2427839750
rhiggins,SD4994215443$SL3644496559FF4637905071ADFF1329127572
lcote,SD2902197773$SL2861555009FF6970548316ADFF8614459982
rabbott,SD1163388929$SL2268322198FF7317400287ADFF7350132871
agoodman,SD7673483282$SL1555533279FF6221085880ADFF5075770829
msellers,SD1511808782$SL4952365764FF3242465975ADFF9585836521
econtreras,SD4263531972$SL6788158748FF1378636837ADFF8688935577
mpayne,SD2156821274$SL7741345147FF2986940049ADFF2792410831
podom,SD8738837270$SL5668705806FF5563445530ADFF2200650066
ojacobs,SD8509098020$SL5329956383FF4314779955ADFF4076694162
bdawson,SD9292283643$SL9962176696FF1533470562ADFF1227753856
arogers,SD2192071971$SL1094740088FF2382442890ADFF8669364511
ksims,SD3757424190$SL8030258362FF1299815032ADFF8751172875
hschultz,SD2147558961$SL9350239595FF5623339729ADFF6432827442
fcombs,SD2062150199$SL6131071747FF9864633025ADFF9415369788
adixon,SD9734466960$SL3846894048FF5863759449ADFF4369973180
edunn,SD6846814471$SL4635165263FF7783248479ADFF6103522357
jshannon,SD3361613473$SL6026058226FF6173415097ADFF1392468911
bhorton,SD1913299551$SL1293739893FF1236121995ADFF7764401887
lmonroe,SD4898304136$SL4202355303FF9878961452ADFF3245796247
lp37,SD3403411378$SL6351521667FF4244257558ADFF2405347897
fcoffey,SD4406111073$SL4743155902FF5339312936ADFF3882668605
eoneil,SD8928820263$SL9103306434FF5372775008ADFF7197189336
rharrington,SD5377378009$SL6173258580FF1177118328ADFF6476461946
mherman,SD7429261551$SL3988335760FF9474434664ADFF1428668090
cblanchard,SD3748880058$SL2094499395FF3257655119ADFF7208325940
cchan,SD7740032481$SL7345729986FF1711715198ADFF5527080082
fross,SD5203914574$SL8055363540FF1674941164ADFF3117070513
crichmond,SD7132334275$SL1339251859FF8496484054ADFF2946988642
rmanning,SD6575258465$SL3493768246FF6429006071ADFF6060173172
agarrett,SD3620555688$SL7344045976FF3294909159ADFF7891987052
jmoss,SD6462981407$SL3671079191FF1446284679ADFF1262742957
twilcox,SD1380881204$SL7082944527FF1894015739ADFF4842630275
bwagner,SD8645142634$SL3885414260FF3930040933ADFF7032362402
jrandall,SD2994649507$SL9611477789FF7530680794ADFF8627933375
sjennings,SD1975649053$SL9279066096FF2224830124ADFF6197337123
kmerritt,SD2650962612$SL5631735661FF5484210549ADFF9504313026
lwebb,SD8663634384$SL2947240127FF9874538003ADFF4063588573
elogan,SD5493865967$SL6985433476FF9010458764ADFF6038453013
gcervantes,SD7941194279$SL6004336703FF5280213370ADFF2142567158
jcabrera,SD3371827954$SL3893175282FF8953438747ADFF8032614799
msutton,SD9157110950$SL3366021057FF5741096725ADFF5976674260
pmontoya,SD4903380842$SL8903183729FF7166245371ADFF8705266304
cayala,SD4252865573$SL8568882526FF8779266131ADFF4629150802
hryan,SD7501639158$SL6086719324FF5604369047ADFF3655335579
rballard,SD1115811254$SL6757383844FF2418021515ADFF1540285424
lsmith,SD9467817235$SL1249187999FF5193628490ADFF9798454666
jberg,SD9422097416$SL6919909407FF1485550032ADFF4447155113
adorsey,SD9442136225$SL4006376067FF8601008979ADFF1568163867
ahays,SD2485778052$SL3158698327FF5111126993ADFF7678853269
sbarlow,SD1749479610$SL2733007761FF4730911916ADFF4605499336
phewitt,SD3929838686$SL8566292978FF6015086864ADFF1863223045
jmay,SD1914421272$SL1145554552FF4379762488ADFF7970132052
rmiller,SD3383504217$SL4077049719FF1467280204ADFF9483415824
cknight,SD2060116378$SL9230052447FF8326871349ADFF5925012229
jworkman,SD1272049342$SL2320728863FF5262699189ADFF4663392185
efinch,SD4616332759$SL4537755130FF7187206867ADFF9212875626
ddunlap,SD2287811447$SL1440353291FF3597383360ADFF5580461804
aberger,SD7281986526$SL9711152576FF1191153256ADFF5581496925
agutierrez,SD2555232465$SL6620006346FF9974884150ADFF1579713243
bfulton,SD2615044574$SL6265495418FF3396246899ADFF5536546277
ewiley,SD4682967924$SL2473365537FF2178345062ADFF6875658706
mchase,SD6392486315$SL2373897510FF4731901119ADFF9265394251
bcruz,SD1603454271$SL5380772726FF6084605742ADFF9525222347
sroomba,SD1274120666$SL2875506526FF9411293146ADFF8880943789
mbaker,SD2126456536$SL7952000415FF5274237320ADFF8770792592
fbolton,SD4779999063$SL7335181201FF9998336501ADFF6890646921
flong,SD3435909306$SL8995128477FF5294244528ADFF3433109885
mrandall,SD9221826283$SL3277878633FF9871946724ADFF6548436342
smcintosh,SD3128728664$SL8236377661FF4904265830ADFF5146124464
izimmerman,SD8074237594$SL9385597816FF8177622401ADFF8903436886
emerrill,SD8498102712$SL9960109915FF8043052540ADFF2160919844
aadkins,SD2097178616$SL4614812094FF5705140763ADFF7004184218
rgrimes,SD8939700781$SL6772960862FF4081283740ADFF7044350834
jwhitley,SD5233403234$SL9952591629FF6205507782ADFF4163237010
mbriggs,SD2949036445$SL1505649698FF4473403370ADFF9920852630
lkoch,SD3314524948$SL9337556914FF1943768088ADFF6958078480
pjones,SD4578258534$SL5853610876FF8014942036ADFF6863411920
dcunningham,SD7612627799$SL9219170223FF3762484589ADFF6823011336
ahopkins,SD6534863585$SL4552999036FF1787364871ADFF5419318742
wkirk,SD7568255435$SL8022387917FF3785311711ADFF8372142608
hcolon,SD4742007079$SL2004872531FF9153309148ADFF1246033100
abyers,SD6316887894$SL3172636076FF2065330871ADFF1007191143
spotts,SD4607869761$SL9290969397FF5908135568ADFF5461463223
rbarlow,SD2057779092$SL5359920357FF8178783084ADFF7159404363
wmayo,SD3227434331$SL7527892140FF7797330033ADFF6484748110
proman,SD8389865366$SL3240557544FF2479999160ADFF5748384372
mbell,SD8638778400$SL6090163329FF2146835673ADFF6740165776
dwalker,SD5713077752$SL6158534484FF3856769034ADFF8084428200
lthompson,SD2793271099$SL4621385396FF5137773686ADFF6876511949
gengland,SD2377830128$SL6099650478FF2771515983ADFF1457968164
pmerritt,SD8892743201$SL1938345752FF3054868058ADFF2183235029
egarner,SD2659785047$SL7870004802FF2030552719ADFF9271731662
khoover,SD6345665248$SL9040864348FF4625631913ADFF2042004229
kdunn,SD4729703115$SL2837167194FF1940374592ADFF7778199691
lclemons,SD3855902205$SL4380871270FF4728401238ADFF5317343551
joconnor,SD3430332431$SL3243716822FF7442149664ADFF4993287717
emays,SD5011038661$SL8973035327FF3836359055ADFF1457548823
rgutierrez,SD6301589888$SL2983417829FF1502308887ADFF6292027641
sball,SD8769160590$SL8853140551FF2438369039ADFF8648012277
lrodgers,SD8940156878$SL4470783072FF3574447175ADFF4426736628
dbutler,SD8973953890$SL4134867861FF9606853503ADFF6528920049
lwebb,SD5899505652$SL9705260153FF8542067334ADFF7183522674
rmack,SD8487732006$SL1476867483FF7965222943ADFF4825829655
lkinney,SD1194856097$SL9009389877FF8762477316ADFF6761222371
kwells,SD3515083576$SL3703392993FF5672406360ADFF6925833376
nwhitney,SD6772784352$SL2404409125FF8152735996ADFF7551683737
pcruz,SD5410597222$SL9641584619FF7202622678ADFF2495213658
bpark,SD7542573860$SL1095183217FF1545027223ADFF6979031724
cp48,SD7079501607$SL1677250476FF3617959808ADFF4636414146
amerrill,SD8562426418$SL7237936061FF7749799351ADFF1546591649
pgraham,SD6149916220$SL5167146074FF1840542698ADFF4574656317
danderson,SD3730259364$SL3786028575FF5752945418ADFF6799091493
pwarner,SD6868347231$SL7268990197FF7472387717ADFF5176849981
kpalmer,SD6605201743$SL2477355118FF6208176555ADFF6145321328
abarr,SD9331500837$SL1141348942FF8433006731ADFF1557052466
mgolden,SD9934560326$SL1881207608FF4722470108ADFF7165042605
nharvey,SD3129231394$SL1610883167FF9845874601ADFF1799079054
lmoody,SD6585981847$SL9800400505FF5910673680ADFF3394208251
mvalencia,SD4557457669$SL9322227384FF7342155090ADFF3402077310
ftyler,SD2440250448$SL2876474181FF7550181364ADFF4092114311
zbeard,SD3940144157$SL2633487090FF5345076935ADFF8761593162
dhamilton,SD8481323482$SL8380325502FF8033526938ADFF3046118971
jvelez,SD1661505959$SL6770939643FF5335791223ADFF7181362212
hpeterson,SD6987938344$SL4841281433FF5695614884ADFF9528938665
sbooker,SD5072162232$SL9982170110FF7743569915ADFF8074035052
lwillis,SD4068542968$SL3931411946FF1179927249ADFF2957945391
acampos,SD5476939453$SL8818278626FF8997484735ADFF5776777949
dwilkins,SD4232608274$SL9436885078FF5911010630ADFF7442218441
kdunlap,SD8539287190$SL5063641066FF3774025781ADFF9493834659
mrussell,SD4291622068$SL8927611691FF5026288090ADFF1347592315
emcguire,SD8244236259$SL8080705427FF6633544010ADFF9372987817
mfinch,SD1756896241$SL5611020280FF5531406836ADFF9335765785
hfry,SD2296608741$SL7923062797FF3696240024ADFF6560378726
mcote,SD7424701175$SL7230903149FF8038250145ADFF9252940437
ekey,SD2215018698$SL6875040531FF8527141046ADFF2512253358
fpennington,SD3151484908$SL1617428261FF8399752137ADFF2262973055
mmorrow,SD1398501827$SL1870091561FF5783865542ADFF1282613954
mchen,SD4975863614$SL3839580790FF7687133042ADFF2826166516
lgoodman,SD8289578542$SL2311030167FF6303126907ADFF4697727840
vcarey,SD1228790529$SL5841576191FF4561831247ADFF1984856861
anoble,SD8185273182$SL7801194938FF1943893385ADFF2101463483
tchapman,SD5330543402$SL1350553695FF3317947190ADFF2044174657
jdelaney,SD4803334092$SL1656240882FF9953305422ADFF6208142255
cfischer,SD9996734431$SL4384212387FF6825550991ADFF1462043147
thyde,SD8599185585$SL9395651713FF2796705426ADFF1860276440
cperry,SD7289050043$SL2897863995FF7003606661ADFF5667979522
bsharpe,SD5310846198$SL9351296306FF6788279505ADFF1641730945
jpowell,SD4954977528$SL8000519024FF8090730221ADFF6798973280
dburgess,SD9608626742$SL8482106269FF4387561503ADFF2246103430
dcaldwell,SD2316812218$SL2283816985FF2420274699ADFF1119557550
csalazar,SD7907334954$SL5278668803FF8303613138ADFF9716258509
nstuart,SD4245665333$SL6897736596FF3629067598ADFF6943500555
qnash,SD3900319042$SL6247204973FF6107659366ADFF4792854944
bferguson,SD1522774460$SL7608202423FF5110875049ADFF5481197715
sprice,SD6133459028$SL7175953809FF5938824669ADFF6528011500
erobbins,SD4850133379$SL5686261377FF1804595075ADFF4299397028
dhahn,SD1717038866$SL6893436432FF3492132496ADFF4533509321
gchavez,SD4484553734$SL6069736727FF4457505733ADFF3196734636
amclaughlin,SD9980086216$SL1638427933FF1126973553ADFF7607067513
thiggins,SD6038725908$SL4700633733FF7878649161ADFF8433625479
adodson,SD9768864806$SL4810427039FF8074141884ADFF8959735636
rbennett,SD4005451976$SL1185347636FF7505154888ADFF8008518464
ymatthews,SD5836231041$SL2090792711FF3939908437ADFF3905391185
lhernandez,SD6381172889$SL3766724042FF4974451469ADFF9774447865
ldecker,SD4813182246$SL8775073797FF2673167808ADFF4296941510
ejohnson,SD5949623155$SL5098573683FF5108273541ADFF1776740089
rstrickland,SD2518457598$SL4804140714FF6657636022ADFF7794943908
lhanson,SD5078210446$SL8497414668FF6656098314ADFF8116585858
mdoyle,SD2759327908$SL2506382242FF8178931825ADFF6024665408
dpitts,SD4232594419$SL8139984647FF9692938248ADFF9154262001
lrobinson,SD6659686672$SL3873985567FF5754022113ADFF9558473839
kpowell,SD2077655439$SL4472845076FF1919985499ADFF3434737974
jorr,SD9851832022$SL8224271251FF7635211311ADFF8487532413
trandall,SD7559980101$SL7547929548FF5220245310ADFF8402829122
cshields,SD1341193047$SL9508206426FF5953893538ADFF7650109187
mgonzalez,SD3751990311$SL9570407983FF1871220570ADFF6772519963
aferguson,SD7550944017$SL3498436214FF2326609649ADFF1938716214
spowers,SD5987633371$SL1316135350FF5334126913ADFF3858230292
mchen,SD4031561149$SL1362084237FF4966779563ADFF1666215733
wprice,SD9190558012$SL4357626023FF8560656859ADFF5124164717
wsloan,SD8130247832$SL8531955402FF5656756656ADFF4192012815
jp41,SD1952692715$SL8816697698FF1082019100ADFF3576672229
ddiaz,SD4908880037$SL2610450159FF9458470660ADFF1670854754
gbullock,SD6249134291$SL1969215666FF3348420254ADFF9599079751
kroberson,SD7707985099$SL1734825014FF7519162613ADFF2237372971
enolan,SD7958041547$SL4518055728FF1720539708ADFF3628390359
chayes,SD5482657996$SL5275766296FF4877307322ADFF7263315282
vvinson,SD3351364845$SL7345679179FF5445725378ADFF9640807166
nellison,SD5785900364$SL1443342661FF9130604439ADFF1842236881
zlawson,SD8746882727$SL9794795938FF9374191761ADFF5557818589
bmarks,SD2091893954$SL4255854453FF9595066245ADFF5016104917
thaynes,SD5364345932$SL4175090631FF4930259959ADFF8065881469
dbishop,SD6166595044$SL1877109606FF9332362395ADFF7897367407
nsweet,SD4272727688$SL2741001842FF9312041122ADFF4858940032
hrasmussen,SD1654232995$SL2062512652FF5967088389ADFF9596476801
jgonzalez,SD5794302033$SL6566258995FF2142724793ADFF9406528526
amcconnell,SD2957127879$SL9156079640FF9223056749ADFF4998810251
chenderson,SD8871099543$SL7161225421FF8392022396ADFF4985447603
ahester,SD3207035435$SL4209506588FF2371479765ADFF9584748079
mmaldonado,SD9677591400$SL3182293659FF5350701764ADFF3241373409
ecash,SD1238778542$SL9776779087FF6734714681ADFF7920955358
lhansen,SD4260348957$SL2682394845FF8268648011ADFF5209410592
hwatts,SD5357778350$SL9530596970FF9509896179ADFF7884414824
davila,SD2054535844$SL6917762240FF7164879958ADFF7672636970
amoon,SD1881043521$SL6007028778FF8330238241ADFF7519736960
gwilkerson,SD4507045941$SL3173584658FF2687326989ADFF3381795802
rnicholson,SD3719298746$SL7222733964FF2497143875ADFF8521703733
mdunlap,SD1843299998$SL9304575154FF2669272945ADFF2032822066
cdunlap,SD9578511863$SL2505951372FF3196968731ADFF9433883444
ipark,SD9465135819$SL4445859048FF2612773538ADFF2962658468
hhansen,SD4102002750$SL7969789751FF3737194116ADFF3978063055
astafford,SD4207262464$SL6208890472FF1953228593ADFF8999859452
ecrane,SD4704163699$SL8042502392FF6754831419ADFF8527282870
hglass,SD5469211223$SL7534907921FF4832846536ADFF9058655633
cfuentes,SD2372329648$SL3533693252FF8596875524ADFF3271341061
jwillis,SD9300830258$SL7143661198FF4815445155ADFF8650505904
hrogers,SD1471948605$SL3825445994FF2019520457ADFF4942553750
ptate,SD3516926546$SL4658321494FF3391656928ADFF1068773718
mrandall,SD2610024204$SL5688269794FF7153015163ADFF4944214108
rdillard,SD2052519606$SL9855055382FF9953260674ADFF4086846797
tjustice,SD4342918832$SL5861886636FF6487518973ADFF6644926069
bmartin,SD2373694591$SL2180931973FF1555653208ADFF1360756927
ssimpson,SD3055223512$SL4295055542FF4458555200ADFF3217500713
rfrazier,SD1480222086$SL4256371059FF8341285919ADFF4476155805
mcotton,SD4605991215$SL8471921794FF1020398328ADFF5869060982
bcombs,SD6649647739$SL1562924769FF2658399859ADFF6603749140
fvalenzuela,SD6820669841$SL3928238682FF9451494180ADFF3239707400
oatkins,SD6215228418$SL4425157339FF8503682066ADFF7641023437
agay,SD9628733359$SL5595851552FF2746990194ADFF9081870027
pjohnston,SD9620905317$SL6412910816FF8910236184ADFF4967485324
bblack,SD3168624811$SL2250433048FF9685728621ADFF8668312359
olynn,SD5415996388$SL1252282566FF3971195891ADFF5112127076
mmckinney,SD6314565506$SL4751950608FF7967938679ADFF5428075201
ccarroll,SD4720804821$SL4470880894FF2080202100ADFF4190280932
dshannon,SD5030688207$SL8922367458FF3134742397ADFF5901622702
eholcomb,SD5676595955$SL9010539070FF9219980516ADFF1521873153
bblevins,SD9861251543$SL9573546906FF8679319949ADFF8072886419
mhines,SD7198918881$SL7253320024FF1773351816ADFF4891744302
fcook,SD1802002139$SL5523233288FF8031740934ADFF1373986940
cgibbs,SD7541005919$SL1632879263FF5301676399ADFF5675004129
dwilliam,SD3468265316$SL8526707001FF5588579281ADFF1817043081
cmendez,SD9505963331$SL5469654034FF7676838726ADFF5267750739
mfisher,SD5337421264$SL2279164184FF2192892085ADFF9662285463
lbailey,SD4268324405$SL2839230293FF2893112970ADFF7359626251
psnow,SD4499694628$SL7404839769FF1820490772ADFF5004982754
aburton,SD7253486067$SL2630376360FF4997894472ADFF6504093892
jmccray,SD7109313686$SL1837895792FF5938206310ADFF8393300248
mblack,SD5287482343$SL5101872694FF5831518329ADFF4984600217
watkins,SD2940790510$SL6454095982FF2754865277ADFF7602702429
mwyatt,SD4175944591$SL1724092087FF6340272719ADFF1103676597
tnguyen,SD6407619665$SL5060335315FF2703864192ADFF5116922789
respinoza,SD7081052819$SL1249910580FF4739377522ADFF8614935986
kmcgowan,SD3899485054$SL4921076505FF2697547798ADFF6314672269
eterry,SD4666720600$SL7548059096FF3159326620ADFF3741356131
msweeney,SD8209891411$SL1848208891FF7966662630ADFF1327439328
krich,SD4689718967$SL1110267741FF5019414071ADFF4321812686
harmstrong,SD4948655515$SL4250488809FF7768529587ADFF6353778497
ewilson,SD9427090896$SL2105954541FF1017625332ADFF6773314875
srios,SD1884377512$SL1443815593FF1883365478ADFF8736603336
vforeman,SD8953058016$SL5328939345FF4100215522ADFF8433669016
rlara,SD9377705218$SL9781285711FF7555847854ADFF7199159419
cpeck,SD2143195320$SL3599339813FF2772210451ADFF8789955407
vcantu,SD1767949893$SL5783345829FF4452401190ADFF7976404424
mfranklin,SD1467208501$SL6670834857FF3330071567ADFF8561848747
gtalley,SD8720961936$SL4229773346FF6816896679ADFF5312489592
acooper,SD7160868358$SL5370692298FF1529219507ADFF7612587773
acoffey,SD1597107661$SL2022576632FF2522586142ADFF5420154159
aclay,SD2975524658$SL8541901903FF3044763143ADFF8460770094
dmckinney,SD9624571037$SL7649632082FF7282944095ADFF6947852573
amaynard,SD8949327149$SL6116341397FF3944823719ADFF7482115003
jsalas,SD7645293763$SL9605049169FF3155278911ADFF6861321728
bsampson,SD5824849915$SL8086311957FF3660494146ADFF6476598812
ehernandez,SD5864115333$SL3501657703FF4306631681ADFF6864642133
rmcintosh,SD4746420116$SL2799740684FF2741339958ADFF7979722680
cvalenzuela,SD7547877421$SL9473871180FF6093311340ADFF2114597511
ccraft,SD6024523720$SL6293467763FF3245208465ADFF7969460593
etyler,SD3688093662$SL7567445435FF1470536760ADFF3034601933
dmyers,SD7488229051$SL6030054782FF2187882901ADFF4347636062
bsawyer,SD7679983601$SL2207223210FF1738161842ADFF2712847264
bholcomb,SD4449803782$SL6675913266FF3589878127ADFF3522483877
rjordan,SD7644791473$SL7135110426FF6516527210ADFF9232107943
gsandoval,SD5406160814$SL7147278265FF3329510613ADFF5363490823
npate,SD3405245326$SL2729739270FF6520692249ADFF1709547412
dwynn,SD6726942563$SL5909657322FF4847145782ADFF5388004138
wholmes,SD3122685849$SL1803074700FF4629320104ADFF3480992191
zcolon,SD3795018177$SL9347942253FF8993330266ADFF8146243065
ddalton,SD3449829665$SL5797757355FF4210851418ADFF9598920230
cfowler,SD4013741317$SL4721367525FF2811961352ADFF7922399475
rquinn,SD6389733956$SL7494125406FF5544083193ADFF6918579842
vhuffman,SD3709154781$SL3584932885FF1485515201ADFF3008257852
stodd,SD3437675192$SL9853203301FF6655076608ADFF3818660994
afields,SD6657578605$SL7671933368FF7316062333ADFF3439602335
lhudson,SD3676974565$SL4285171519FF7912681034ADFF8970480688
hharding,SD7835734245$SL6668182081FF6991683060ADFF8229109981
fhancock,SD8742160236$SL8923533967FF3804059591ADFF9990487138
jespinoza,SD9373144803$SL7801010456FF4796694198ADFF2579068186
khamilton,SD4776182741$SL9024850824FF9430705121ADFF5650737916
lmckinney,SD8455772205$SL3881797404FF7655243977ADFF6057117618
jdelacruz,SD1427540556$SL1275597401FF5772426349ADFF8570818391
mwilde,SD2215060241$SL3658339903FF9509496472ADFF4058117289
